<?xml version="1.0" encoding="UTF-8"?>
<project-private xmlns="http://www.netbeans.org/ns/project-private/1">
    <open-files xmlns="http://www.netbeans.org/ns/projectui-open-files/2">
        <group>
            <file>file:/C:/Users/charl/Documents/NetBeansProjects/SleepQualityTracking2/src/Login/Login.java</file>
            <file>file:/C:/Users/charl/Documents/NetBeansProjects/SleepQualityTracking2/src/Login/RegistrationForm.java</file>
        </group>
    </open-files>
</project-private>
